task_id,file_duration,stage_id,analyst_id,assigned_time,completion_time
28285,15340,27,19,2020-08-06 11:22:09,2020-08-06 11:59:29
28145,14277,107,19,2020-08-06 12:44:05,2020-08-06 16:01:04
27915,18381,57,99,2020-08-06 13:42:08,2020-08-10 12:30:39
45255,86400,17,139,2020-08-12 09:48:15,2020-08-12 10:11:27
28445,28433,107,149,2020-08-06 12:36:37,2020-08-07 09:23:20
45265,24625,27,139,2020-08-12 10:11:29,2020-08-12 10:29:01
29185,10928,57,19,2020-08-07 10:09:35,2020-08-10 08:55:49
45285,13340,27,149,2020-08-11 15:04:36,2020-08-11 15:26:46
45295,20480,107,139,2020-08-12 10:53:56,2020-08-12 11:42:35
32705,16809,107,29,2020-08-06 12:46:16,2020-08-06 14:16:55
32955,16487,27,59,2020-08-06 12:19:34,2020-08-06 12:37:22
32745,86400,17,149,2020-08-06 11:20:10,2020-08-06 12:36:35
45305,86400,17,149,2020-08-12 09:20:43,2020-08-12 09:51:59
45335,20480,27,149,2020-08-12 09:52:01,2020-08-12 10:16:10
33445,16530,27,59,2020-08-06 12:00:29,2020-08-06 12:19:25
34835,86400,17,109,2020-08-06 11:57:43,2020-08-06 14:04:05
34735,86400,17,139,2020-08-06 12:24:45,2020-08-06 12:51:45
34755,12172,107,109,2020-08-06 14:04:11,2020-08-07 10:35:31
45355,86400,17,149,2020-08-12 15:06:31,2020-08-12 15:26:35
35075,86400,17,139,2020-08-06 11:25:31,2020-08-06 12:24:43
35315,15285,27,69,2020-08-07 09:28:16,2020-08-07 09:41:13
36195,15330,37,119,2020-08-07 13:34:59,2020-08-10 16:24:08
45365,4715,107,149,2020-08-13 10:04:31,2020-08-13 12:19:39
38895,16530,107,119,2020-08-06 14:17:37,2020-08-07 09:05:15
39675,15340,107,29,2020-08-06 14:16:57,2020-08-06 15:36:46
45395,18729,27,149,2020-08-12 10:16:11,2020-08-12 10:28:38
40375,15330,57,69,2020-08-07 09:41:32,2020-08-10 08:31:36
40735,12172,27,59,2020-08-06 09:21:07,2020-08-06 10:07:52
40505,86400,17,119,2020-08-06 11:20:32,2020-08-06 14:14:23
41585,16809,57,59,2020-08-07 10:59:19,2020-08-10 10:55:43
41725,24409,27,19,2020-08-06 12:03:25,2020-08-06 12:44:03
41355,15426,37,49,2020-08-07 10:14:52,2020-08-10 09:28:49
43525,14277,57,39,2020-08-07 10:19:54,2020-08-10 09:15:03
44155,15285,107,119,2020-08-07 11:10:05,2020-08-07 12:32:42
45465,86400,17,139,2020-08-11 14:46:14,2020-08-11 15:23:30
44255,28433,37,49,2020-08-10 09:28:51,2020-08-11 14:40:07
44265,16109,107,119,2020-08-07 10:21:09,2020-08-07 11:09:53
44325,5351,27,39,2020-08-10 09:15:43,2020-08-10 09:42:08
44145,28433,57,29,2020-08-07 09:59:25,2020-08-10 14:22:23
34145,16109,27,69,2020-08-07 09:26:43,2020-08-07 09:28:15
44385,9925,27,149,2020-08-07 15:54:24,2020-08-10 09:18:46
44335,86400,17,149,2020-08-10 10:31:55,2020-08-10 10:37:36
44285,16487,37,119,2020-08-12 15:18:41,2020-08-14 09:05:40
44445,21262,27,149,2020-08-07 15:23:50,2020-08-07 15:54:22
44475,86400,17,149,2020-08-10 10:20:54,2020-08-10 10:26:50
44305,86400,17,139,2020-08-07 09:40:49,2020-08-07 10:33:11
44495,15285,57,39,2020-08-10 14:32:24,2020-08-11 12:11:18
44315,16487,57,19,2020-08-10 10:55:22,2020-08-12 08:48:53
44165,86400,17,119,2020-08-07 09:05:20,2020-08-07 10:19:09
44225,86400,17,149,2020-08-07 09:23:21,2020-08-07 10:10:01
44245,86400,17,139,2020-08-07 09:04:51,2020-08-07 09:40:47
44405,86400,17,149,2020-08-10 10:26:52,2020-08-10 10:31:54
44355,86400,17,139,2020-08-10 10:47:14,2020-08-10 10:57:26
44395,16109,37,49,2020-08-13 12:12:01,2020-08-13 17:11:55
44345,86400,17,149,2020-08-10 09:59:20,2020-08-10 10:20:53
44185,26063,107,109,2020-08-07 10:35:32,2020-08-07 12:28:51
44415,26063,57,99,2020-08-10 12:30:42,2020-08-11 14:58:32
44485,22316,27,69,2020-08-10 08:31:38,2020-08-10 09:23:07
44275,16530,57,69,2020-08-10 09:51:28,2020-08-10 15:53:06
44235,86400,17,149,2020-08-07 10:10:03,2020-08-07 11:14:13
44425,16109,57,59,2020-08-10 11:17:49,2020-08-11 08:54:36
45475,15161,27,139,2020-08-12 10:29:03,2020-08-12 10:53:55
45485,25063,107,149,2020-08-12 10:45:40,2020-08-12 12:48:06
45495,86400,17,139,2020-08-12 09:06:05,2020-08-12 09:48:13
44855,41808,37,109,2020-08-14 12:42:31,2020-08-20 11:38:02
44685,5351,57,39,2020-08-11 16:06:47,2020-08-12 10:39:23
44815,9925,57,39,2020-08-11 12:11:21,2020-08-11 16:04:39
44865,9925,37,119,2020-08-17 11:46:38,2020-08-17 15:45:17
44705,22316,57,59,2020-08-11 08:54:38,2020-08-12 12:19:49
45205,7866,57,29,2020-08-12 15:22:56,2020-08-13 11:07:20
45035,17626,57,59,2020-08-12 13:21:30,2020-08-13 09:22:51
44525,15285,37,49,2020-08-13 17:11:56,2020-08-14 14:05:52
44735,21262,37,119,2020-08-14 09:05:45,2020-08-17 11:46:28
44995,17626,27,139,2020-08-10 11:59:40,2020-08-10 12:10:45
44935,17626,107,139,2020-08-10 15:57:50,2020-08-11 09:28:53
45015,86400,17,149,2020-08-11 09:08:31,2020-08-11 09:17:52
45195,29854,57,39,2020-08-12 15:19:35,2020-08-17 11:04:22
45065,17626,37,49,2020-08-20 09:58:54,2020-08-20 16:29:48
45135,86400,17,149,2020-08-11 09:17:54,2020-08-11 09:23:55
36355,18381,37,109,2020-08-07 12:49:30,2020-08-11 12:20:16
45155,6511,57,99,2020-08-13 09:51:11,2020-08-13 12:49:03
44625,86400,17,139,2020-08-10 09:50:47,2020-08-10 10:47:13
45095,15029,57,59,2020-08-13 10:02:04,2020-08-14 09:36:11
44535,41808,27,139,2020-08-07 14:13:53,2020-08-07 14:36:59
45115,17677,57,29,2020-08-13 11:07:44,2020-08-17 14:21:00
44755,41808,57,69,2020-08-10 15:53:08,2020-08-13 11:25:02
44845,7866,107,139,2020-08-11 09:38:31,2020-08-11 11:20:32
44975,29854,107,149,2020-08-11 09:32:53,2020-08-11 11:23:02
44515,86400,17,149,2020-08-10 10:41:17,2020-08-10 10:52:08
44555,26063,37,109,2020-08-13 13:02:17,2020-08-14 12:42:29
45025,86400,17,149,2020-08-11 13:05:55,2020-08-11 13:15:07
44985,3815,37,119,2020-08-17 15:45:44,2020-08-18 10:47:36
44925,17677,27,29,2020-08-10 15:21:15,2020-08-10 15:34:56
44635,41808,107,139,2020-08-07 14:37:00,2020-08-10 09:50:45
45075,28286,37,119,2020-08-19 13:53:14,2020-08-20 16:50:12
44875,22316,37,49,2020-08-14 14:05:53,2020-08-19 11:14:58
45215,86400,17,149,2020-08-11 09:23:57,2020-08-11 09:28:11
44575,86400,17,149,2020-08-10 09:19:51,2020-08-10 09:31:04
44825,5351,37,119,2020-08-19 10:10:24,2020-08-19 13:52:38
35035,15426,57,59,2020-08-06 12:53:50,2020-08-07 10:48:26
44745,29854,27,139,2020-08-10 15:14:03,2020-08-10 15:23:42
45005,17677,107,139,2020-08-11 11:39:41,2020-08-11 12:03:12
44645,3815,27,19,2020-08-10 08:55:51,2020-08-10 09:23:11
44725,6511,27,139,2020-08-10 12:10:47,2020-08-10 12:17:35
44965,15029,107,149,2020-08-11 11:23:04,2020-08-11 12:28:11
44775,3815,107,139,2020-08-10 13:36:19,2020-08-10 14:04:13
44505,86400,17,149,2020-08-10 09:31:06,2020-08-10 09:59:18
45055,86400,17,139,2020-08-11 12:09:28,2020-08-11 13:00:18
45165,86400,17,139,2020-08-11 09:30:54,2020-08-11 09:38:29
45175,86400,17,149,2020-08-11 12:28:48,2020-08-11 13:05:53
44785,7866,27,149,2020-08-10 12:01:54,2020-08-10 12:32:43
44955,9925,107,149,2020-08-10 12:32:44,2020-08-10 14:37:31
44695,15029,27,29,2020-08-10 14:22:32,2020-08-10 14:35:10
44805,22316,107,139,2020-08-10 12:17:36,2020-08-10 13:36:17
45125,86400,17,139,2020-08-11 13:00:19,2020-08-11 13:35:11
45225,86400,17,149,2020-08-11 09:28:13,2020-08-11 09:32:51
31735,15621,57,39,2020-08-06 12:47:31,2020-08-07 10:19:51
44795,28286,27,139,2020-08-10 14:04:15,2020-08-10 15:13:58
44715,6511,107,139,2020-08-11 11:20:33,2020-08-11 11:39:39
44915,10461,107,139,2020-08-10 15:23:53,2020-08-10 15:57:39
43065,15340,57,39,2020-08-10 09:42:10,2020-08-10 14:31:01
44905,28286,107,149,2020-08-10 15:44:23,2020-08-11 09:08:22
41375,16487,107,19,2020-08-06 16:01:05,2020-08-07 09:40:05
44835,5351,107,149,2020-08-10 14:37:34,2020-08-10 15:44:21
44655,21262,107,149,2020-08-10 10:52:10,2020-08-10 12:01:52
44665,10461,27,69,2020-08-10 09:23:14,2020-08-10 09:51:09
44615,86400,17,149,2020-08-10 10:37:37,2020-08-10 10:41:15
37725,26063,27,29,2020-08-07 09:21:05,2020-08-07 09:34:41
45505,12731,27,149,2020-08-12 10:28:40,2020-08-12 10:43:35
45535,21931,107,139,2020-08-12 11:55:49,2020-08-12 12:53:41
45545,12624,27,59,2020-08-12 12:21:40,2020-08-12 13:21:24
45575,5979,27,39,2020-08-12 10:39:25,2020-08-12 11:02:37
45595,13738,27,139,2020-08-12 11:42:37,2020-08-12 11:55:47
45605,25063,27,19,2020-08-12 08:48:55,2020-08-12 09:57:02
45625,8683,27,149,2020-08-12 12:48:08,2020-08-12 13:10:54
45635,4715,27,19,2020-08-12 10:33:51,2020-08-12 11:08:17
45655,86400,17,149,2020-08-12 08:55:03,2020-08-12 09:20:43
45675,13340,107,149,2020-08-11 15:26:48,2020-08-12 08:55:01
45685,21931,27,19,2020-08-12 09:57:03,2020-08-12 10:33:50
44895,3815,57,99,2020-08-11 14:58:41,2020-08-11 17:16:09
31345,10928,37,119,2020-08-10 16:24:33,2020-08-11 16:08:58
35845,16809,37,49,2020-08-11 14:40:08,2020-08-12 12:29:04
36725,14277,37,109,2020-08-11 12:20:18,2020-08-12 12:42:20
45715,5783,27,39,2020-08-12 15:10:54,2020-08-12 15:19:34
45725,6966,27,39,2020-08-12 15:03:11,2020-08-12 15:10:52
45765,86400,17,149,2020-08-13 08:54:08,2020-08-13 09:43:27
45805,86400,17,139,2020-08-13 09:44:24,2020-08-13 10:00:52
45815,18173,27,99,2020-08-13 09:00:51,2020-08-13 09:51:09
45835,86400,17,139,2020-08-13 09:13:42,2020-08-13 09:44:22
45885,21339,27,59,2020-08-13 09:35:58,2020-08-13 10:02:02
45895,27369,27,59,2020-08-13 09:22:53,2020-08-13 09:35:54
45915,7338,27,29,2020-08-12 15:09:12,2020-08-12 15:22:46
45945,86400,17,149,2020-08-13 09:43:29,2020-08-13 10:04:29
45585,7787,27,29,2020-08-12 14:52:10,2020-08-12 15:06:59
45705,24625,107,139,2020-08-12 12:53:43,2020-08-13 09:13:41
44545,12172,37,119,2020-08-11 16:09:41,2020-08-12 15:17:25
44765,21262,57,29,2020-08-10 15:35:01,2020-08-12 14:44:53
44945,10461,57,39,2020-08-12 11:02:39,2020-08-12 15:03:08
44295,16530,37,109,2020-08-12 12:42:24,2020-08-13 13:02:15
45645,12731,107,149,2020-08-12 15:26:37,2020-08-13 08:54:04
45855,27369,107,149,2020-08-13 14:13:59,2020-08-13 15:43:13
45845,7787,107,139,2020-08-13 13:19:05,2020-08-13 13:56:15
45735,18173,107,139,2020-08-13 14:09:02,2020-08-13 15:23:30
45825,18729,57,59,2020-08-17 10:55:18,2020-08-18 12:57:53
39735,15340,37,49,2020-08-12 12:29:05,2020-08-13 12:12:00
45875,7338,107,139,2020-08-14 10:54:00,2020-08-14 11:41:40
45525,20480,57,99,2020-08-13 12:49:05,2020-08-17 16:36:05
45795,6966,107,149,2020-08-13 15:56:00,2020-08-14 09:04:59
45965,21339,107,149,2020-08-14 11:09:37,2020-08-14 12:01:40
45665,8683,107,149,2020-08-14 12:01:42,2020-08-14 14:38:31
45455,18729,107,149,2020-08-12 13:10:56,2020-08-12 15:06:29
46035,86400,17,139,2020-08-13 15:23:32,2020-08-13 15:41:10
46115,14178,27,139,2020-08-13 15:41:21,2020-08-13 15:57:35
46135,21759,27,139,2020-08-13 13:06:57,2020-08-13 13:19:04
46155,13445,27,149,2020-08-13 15:43:35,2020-08-13 15:55:57
46215,12645,27,139,2020-08-13 13:56:16,2020-08-13 14:09:01
45275,5979,107,139,2020-08-13 11:21:08,2020-08-13 13:06:55
45615,15161,107,139,2020-08-13 10:00:55,2020-08-13 11:21:05
45445,13738,107,149,2020-08-13 12:19:41,2020-08-13 14:13:57
46275,86400,17,149,2020-08-14 09:05:01,2020-08-14 09:23:19
46305,18791,27,59,2020-08-14 10:06:22,2020-08-14 10:16:41
46315,86400,17,149,2020-08-14 10:29:02,2020-08-14 10:46:51
46385,86400,17,149,2020-08-14 09:57:20,2020-08-14 10:29:00
46425,11682,27,59,2020-08-14 09:46:19,2020-08-14 09:54:27
46445,86400,17,149,2020-08-14 09:23:19,2020-08-14 09:57:18
46495,15830,27,59,2020-08-14 09:54:43,2020-08-14 10:06:20
46515,86400,17,149,2020-08-14 10:47:00,2020-08-14 11:09:37
45315,12624,107,139,2020-08-13 15:57:37,2020-08-14 10:53:59
45775,5783,107,139,2020-08-14 11:43:08,2020-08-14 12:30:41
45425,25063,57,69,2020-08-13 11:25:03,2020-08-14 12:37:55
45185,28286,57,19,2020-08-12 11:08:19,2020-08-14 10:44:06
46195,13445,107,149,2020-08-17 10:57:11,2020-08-17 12:51:11
46095,16191,27,59,2020-08-14 10:21:19,2020-08-14 10:25:34
46265,14148,27,59,2020-08-14 09:36:19,2020-08-14 09:46:11
46175,14178,107,139,2020-08-14 12:30:43,2020-08-14 13:55:06
46575,17200,27,149,2020-08-14 15:54:52,2020-08-14 16:19:56
45375,21931,57,19,2020-08-14 10:44:36,2020-08-18 14:23:35
46455,18791,107,149,2020-08-17 14:24:59,2020-08-17 15:32:01
45405,13340,57,59,2020-08-14 10:25:36,2020-08-17 10:55:15
46185,21759,107,139,2020-08-14 16:10:29,2020-08-17 09:26:03
46005,12645,107,149,2020-08-17 12:51:13,2020-08-17 14:24:57
46105,15161,57,39,2020-08-17 11:45:48,2020-08-17 16:23:55
46525,15830,107,139,2020-08-17 11:47:41,2020-08-17 15:14:15
46295,12624,57,69,2020-08-18 08:31:04,2020-08-18 13:05:28
46375,21339,57,39,2020-08-18 09:53:33,2020-08-18 16:36:50
46605,35469,27,149,2020-08-14 14:38:32,2020-08-14 14:58:22
46585,17132,27,149,2020-08-14 14:58:23,2020-08-14 15:54:39
46875,86400,17,149,2020-08-17 10:41:00,2020-08-17 10:48:33
46545,14148,107,139,2020-08-14 13:55:08,2020-08-14 15:59:32
46635,10184,27,139,2020-08-14 15:59:33,2020-08-14 16:10:27
46885,86400,17,149,2020-08-17 10:48:34,2020-08-17 10:52:11
46855,86400,17,149,2020-08-17 10:21:56,2020-08-17 10:40:58
46765,86400,17,149,2020-08-17 08:12:53,2020-08-17 08:39:50
46785,86400,17,149,2020-08-17 08:39:52,2020-08-17 09:11:08
46795,86400,17,139,2020-08-17 09:26:05,2020-08-17 09:47:47
46775,86400,17,149,2020-08-17 09:11:11,2020-08-17 09:31:37
46825,86400,17,139,2020-08-17 09:47:49,2020-08-17 09:55:09
46465,11682,107,139,2020-08-17 10:55:20,2020-08-17 11:47:40
46815,86400,17,139,2020-08-17 09:55:11,2020-08-17 10:13:23
46805,86400,17,149,2020-08-17 09:31:39,2020-08-17 10:03:19
46835,86400,17,149,2020-08-17 10:03:21,2020-08-17 10:21:54
46845,86400,17,139,2020-08-17 10:13:24,2020-08-17 10:22:14
46895,86400,17,139,2020-08-17 10:44:33,2020-08-17 10:55:19
46865,86400,17,139,2020-08-17 10:22:15,2020-08-17 10:44:32
46925,86400,17,149,2020-08-17 10:52:19,2020-08-17 10:57:10
46745,18462,27,139,2020-08-17 16:04:25,2020-08-18 10:33:01
47115,18791,57,59,2020-08-19 11:54:31,2020-08-20 13:16:55
45755,24625,57,69,2020-08-14 12:37:56,2020-08-17 16:07:05
46405,16191,107,139,2020-08-17 15:14:21,2020-08-17 16:03:41
46655,35469,107,149,2020-08-17 15:32:02,2020-08-18 09:44:44
47235,86400,17,149,2020-08-18 10:01:17,2020-08-18 10:25:01
47245,86400,17,149,2020-08-18 10:25:03,2020-08-18 10:42:35
46755,27600,27,139,2020-08-18 10:52:38,2020-08-18 11:35:24
46665,17132,107,149,2020-08-18 10:51:52,2020-08-18 12:11:28
47065,12645,57,39,2020-08-19 10:23:27,2020-08-19 15:47:12
46735,11496,27,149,2020-08-18 13:45:18,2020-08-18 16:10:47
47085,15830,57,19,2020-08-18 14:23:37,2020-08-20 11:07:14
46715,5913,27,139,2020-08-18 13:52:14,2020-08-18 15:30:15
46695,10184,107,139,2020-08-18 15:30:17,2020-08-18 16:07:21
47185,25579,107,149,2020-08-19 09:02:21,2020-08-19 10:10:43
47035,17323,107,139,2020-08-19 08:30:36,2020-08-19 09:56:42
47215,15648,107,139,2020-08-19 12:05:46,2020-08-19 13:06:04
46995,13445,57,59,2020-08-18 14:10:54,2020-08-19 11:21:46
47205,17225,107,139,2020-08-19 10:15:49,2020-08-19 12:05:44
46955,3774,107,149,2020-08-19 12:06:17,2020-08-19 12:55:38
47095,14259,107,139,2020-08-19 13:06:05,2020-08-19 13:45:23
47225,86400,17,149,2020-08-18 09:44:46,2020-08-18 10:01:16
47255,86400,17,139,2020-08-18 10:33:02,2020-08-18 10:52:35
47285,86400,17,149,2020-08-18 10:42:36,2020-08-18 10:51:48
46725,18821,27,139,2020-08-18 11:35:26,2020-08-18 13:52:12
46705,17200,107,149,2020-08-18 12:11:43,2020-08-18 13:45:16
47025,20366,107,149,2020-08-19 08:15:42,2020-08-19 09:02:19
47515,86400,17,149,2020-08-19 10:10:44,2020-08-19 10:28:45
45085,15029,37,119,2020-08-18 10:48:08,2020-08-19 10:10:15
47045,12538,107,149,2020-08-19 10:28:45,2020-08-19 11:41:19
47545,86400,17,149,2020-08-19 11:41:21,2020-08-19 12:06:16
47195,20273,107,149,2020-08-19 12:55:40,2020-08-19 14:30:47
46905,21759,57,69,2020-08-18 13:05:29,2020-08-19 14:57:39
47335,31947,107,149,2020-08-19 14:30:49,2020-08-19 15:52:43
47575,17225,57,69,2020-08-19 14:57:40,2020-08-20 15:04:57
47365,18258,107,139,2020-08-19 13:47:01,2020-08-19 16:10:13
47665,86400,17,149,2020-08-19 15:52:45,2020-08-19 16:15:42
47675,86400,17,149,2020-08-20 08:26:50,2020-08-20 08:47:10
47695,86400,17,149,2020-08-20 08:47:58,2020-08-20 09:14:34
44885,10461,37,49,2020-08-19 11:14:59,2020-08-20 09:58:52
47785,86400,17,139,2020-08-20 09:16:08,2020-08-20 09:34:34
47795,86400,17,149,2020-08-20 09:31:00,2020-08-20 09:59:19
47775,86400,17,149,2020-08-20 09:14:36,2020-08-20 09:30:58
47405,12444,107,139,2020-08-20 09:34:35,2020-08-20 10:10:05
47805,86400,17,149,2020-08-20 09:59:21,2020-08-20 11:06:19
47565,12538,57,39,2020-08-19 15:47:13,2020-08-20 14:49:30
47425,10161,107,139,2020-08-20 12:13:14,2020-08-20 12:48:55
47735,18258,37,49,2020-08-20 16:29:49,2020-08-24 12:51:01
47375,11470,107,149,2020-08-20 11:06:21,2020-08-20 13:02:39
47345,13672,107,139,2020-08-20 12:48:57,2020-08-20 13:59:52
47455,8334,107,149,2020-08-20 13:02:40,2020-08-20 14:30:25
47755,13843,107,149,2020-08-20 14:30:26,2020-08-20 15:30:26
47815,12444,37,109,2020-08-24 09:51:13,2020-08-24 14:33:31
47825,12444,57,39,2020-08-20 14:49:32,2020-08-21 10:04:53
47625,15648,57,19,2020-08-20 11:07:15,2020-08-24 09:25:53
47765,25503,107,139,2020-08-21 10:21:33,2020-08-21 11:22:45
47705,31947,57,59,2020-08-20 13:23:26,2020-08-24 11:50:46
47415,9139,107,139,2020-08-20 10:10:58,2020-08-20 10:58:53
47355,4518,107,139,2020-08-20 10:59:26,2020-08-20 11:24:09
47745,26711,107,139,2020-08-20 15:43:27,2020-08-21 10:06:07
47865,86400,17,139,2020-08-20 11:55:40,2020-08-20 12:13:12
46165,27369,57,99,2020-08-17 16:41:57,2020-08-20 13:03:47
47855,12434,107,139,2020-08-20 13:59:53,2020-08-20 15:43:26
47725,18258,57,99,2020-08-20 13:03:48,2020-08-21 19:27:19
47995,11115,107,149,2020-08-21 11:35:57,2020-08-21 12:39:52
47965,14250,107,149,2020-08-20 15:30:36,2020-08-21 09:07:44
48175,23225,107,149,2020-08-24 09:56:35,2020-08-24 12:15:20
48215,86400,17,149,2020-08-21 09:32:40,2020-08-21 09:50:32
48185,86400,17,149,2020-08-21 09:07:46,2020-08-21 09:32:39
48145,7529,107,139,2020-08-24 12:28:09,2020-08-24 13:19:56
48195,86400,17,149,2020-08-21 09:50:59,2020-08-21 10:12:28
47915,24774,107,149,2020-08-21 10:12:30,2020-08-21 11:35:55
48265,86400,17,139,2020-08-21 11:23:01,2020-08-21 11:37:32
48015,10356,107,139,2020-08-21 11:37:33,2020-08-21 12:37:28
48065,11726,107,139,2020-08-21 12:38:52,2020-08-21 14:53:28
48125,9316,107,139,2020-08-21 14:53:58,2020-08-24 08:38:44
48075,25224,107,149,2020-08-21 12:39:54,2020-08-21 15:00:04
48095,15207,107,149,2020-08-21 15:00:05,2020-08-24 08:38:20
48105,6747,107,149,2020-08-24 14:47:13,2020-08-24 15:49:40
45235,29854,37,109,2020-08-20 11:38:05,2020-08-24 09:49:55
48045,13843,57,69,2020-08-21 12:12:12,2020-08-24 10:54:11
48155,26793,107,139,2020-08-24 09:58:23,2020-08-24 12:28:07
47945,13672,57,39,2020-08-21 10:04:55,2020-08-24 12:52:10
48135,3185,107,149,2020-08-24 12:15:22,2020-08-24 13:01:48
48005,8334,37,119,2020-08-25 08:50:17,2020-08-25 11:53:20
48115,17071,107,149,2020-08-24 13:01:49,2020-08-24 14:47:12
47875,4518,37,119,2020-08-24 14:30:09,2020-08-24 16:49:58
48055,12434,37,109,2020-08-25 11:15:39,2020-08-25 16:30:02
47935,11470,37,109,2020-08-24 14:33:32,2020-08-25 11:15:29
48025,13843,37,119,2020-08-25 11:53:26,2020-08-25 16:01:30
48205,86400,17,139,2020-08-21 10:06:09,2020-08-21 10:21:31
47925,11470,57,69,2020-08-20 16:05:20,2020-08-21 11:29:51
48485,86400,17,139,2020-08-24 08:38:46,2020-08-24 08:55:25
48295,24774,37,49,2020-08-25 14:22:58,2020-08-27 15:28:51
48505,86400,17,139,2020-08-24 08:55:26,2020-08-24 09:17:40
48525,86400,17,139,2020-08-24 09:17:41,2020-08-24 09:28:44
48495,86400,17,149,2020-08-24 08:38:22,2020-08-24 09:14:04
48555,86400,17,149,2020-08-24 09:31:23,2020-08-24 09:33:40
48655,86400,17,139,2020-08-24 09:44:32,2020-08-24 09:52:05
48575,86400,17,149,2020-08-24 09:33:42,2020-08-24 09:38:13
48585,86400,17,149,2020-08-24 09:41:23,2020-08-24 09:51:00
48665,86400,17,139,2020-08-24 09:52:06,2020-08-24 09:58:22
48535,86400,17,139,2020-08-24 09:28:45,2020-08-24 09:32:54
48545,86400,17,139,2020-08-24 09:32:56,2020-08-24 09:38:34
48645,86400,17,149,2020-08-24 09:51:03,2020-08-24 09:56:34
48515,86400,17,149,2020-08-24 09:14:06,2020-08-24 09:31:21
48635,86400,17,139,2020-08-24 09:38:35,2020-08-24 09:44:30
48565,86400,17,149,2020-08-24 09:38:15,2020-08-24 09:41:19
48415,18026,107,139,2020-08-25 12:37:31,2020-08-25 14:40:39
48325,11103,107,59,2020-08-25 09:54:39,2020-08-25 11:40:22
48085,16165,107,139,2020-08-24 13:19:57,2020-08-24 14:12:44
47715,31947,37,119,2020-08-21 08:51:27,2020-08-24 14:28:33
48365,11115,37,109,2020-08-25 16:30:10,2020-08-26 12:42:37
48335,10356,57,59,2020-08-24 11:50:50,2020-08-25 09:54:37
48165,13582,107,139,2020-08-24 14:12:48,2020-08-24 15:26:37
48375,11115,57,69,2020-08-24 10:54:12,2020-08-25 09:31:09
48615,9316,37,119,2020-08-27 10:51:09,2020-08-27 12:17:22
48405,11726,57,39,2020-08-24 12:52:12,2020-08-25 11:38:21
48455,23917,107,69,2020-08-25 14:41:14,2020-08-25 14:42:34
48275,25503,57,19,2020-08-24 10:32:04,2020-08-25 15:41:10
48385,6222,107,149,2020-08-25 11:25:53,2020-08-25 12:42:59
48675,10233,107,69,2020-08-25 13:44:55,2020-08-25 14:40:17
48835,27162,107,59,2020-08-25 13:27:36,2020-08-25 14:35:45
48885,21613,107,59,2020-08-25 14:35:46,2020-08-25 15:21:13
48475,20091,107,149,2020-08-25 12:43:00,2020-08-25 14:40:23
48725,10482,107,69,2020-08-25 14:42:35,2020-08-25 15:08:06
48805,7281,107,69,2020-08-25 15:08:09,2020-08-25 16:08:33
48685,11537,107,149,2020-08-25 14:40:24,2020-08-26 08:47:49
48625,15207,37,119,2020-08-27 12:18:33,2020-08-27 16:30:57
48425,25224,57,29,2020-08-24 14:58:27,2020-08-26 13:56:41
48285,25503,37,119,2020-08-25 16:01:34,2020-08-26 15:05:12
48695,23225,57,39,2020-08-25 15:19:37,2020-08-26 16:05:04
48345,10356,37,109,2020-08-26 12:42:39,2020-08-27 10:13:12
48395,11726,37,119,2020-08-26 15:05:22,2020-08-27 10:51:01
48825,17071,37,119,2020-08-28 11:13:29,2020-08-28 16:24:37
48435,25224,37,109,2020-08-27 10:13:15,2020-08-27 16:11:32
48755,3185,37,119,2020-08-27 16:31:29,2020-08-28 09:53:53
49165,8125,107,139,2020-08-25 15:21:22,2020-08-25 16:09:55
48465,26556,107,139,2020-08-24 15:26:38,2020-08-25 09:28:30
48315,17181,107,149,2020-08-24 15:49:42,2020-08-25 09:21:01
48915,86400,17,149,2020-08-25 09:21:02,2020-08-25 10:19:43
48925,86400,17,139,2020-08-25 10:36:50,2020-08-25 10:56:08
48905,86400,17,139,2020-08-25 09:28:34,2020-08-25 10:36:32
48935,86400,17,149,2020-08-25 10:28:58,2020-08-25 11:22:29
48945,86400,17,139,2020-08-25 11:25:00,2020-08-25 11:47:30
48355,12470,107,59,2020-08-25 11:40:25,2020-08-25 13:27:34
47955,13672,37,49,2020-08-24 16:56:53,2020-08-25 14:11:46
48445,18149,107,69,2020-08-25 14:40:22,2020-08-25 14:41:13
48605,15207,57,39,2020-08-25 12:16:10,2020-08-25 15:19:34
49095,24037,107,59,2020-08-25 15:21:15,2020-08-26 09:12:47
49325,19917,107,139,2020-08-26 08:26:53,2020-08-26 09:28:37
48895,16188,107,139,2020-08-25 14:40:40,2020-08-25 15:21:21
49305,27104,107,149,2020-08-26 08:47:50,2020-08-26 10:39:28
49385,10474,107,59,2020-08-26 11:31:34,2020-08-26 12:03:52
49345,15321,107,59,2020-08-26 10:55:40,2020-08-26 11:31:33
49195,3897,107,19,2020-08-25 15:41:12,2020-08-26 10:09:22
49365,16194,107,59,2020-08-26 09:12:49,2020-08-26 10:08:06
49335,11716,107,139,2020-08-26 09:28:38,2020-08-26 10:29:57
49315,23295,107,19,2020-08-26 10:09:24,2020-08-26 11:37:37
49155,18026,57,39,2020-08-27 14:42:04,2020-08-28 12:14:13
49015,18149,57,29,2020-08-27 11:44:25,2020-08-28 11:51:55
49605,86400,17,299,2020-08-26 10:58:33,2020-08-26 11:55:34
49645,86400,17,309,2020-08-26 10:39:22,2020-08-26 11:20:04
49705,8003,107,139,2020-08-26 13:52:20,2020-08-26 14:51:45
49735,86400,17,319,2020-08-26 10:55:44,2020-08-26 11:43:34
49745,86400,17,319,2020-08-26 11:45:42,2020-08-26 12:13:07
49535,86400,17,309,2020-08-26 11:20:07,2020-08-26 12:39:38
49395,16694,107,149,2020-08-26 10:39:30,2020-08-26 11:33:57
49375,9133,107,59,2020-08-26 10:08:08,2020-08-26 10:55:29
49685,6280,107,139,2020-08-26 14:51:48,2020-08-26 15:21:53
49715,8853,107,149,2020-08-26 14:20:51,2020-08-26 15:42:18
49815,19985,107,149,2020-08-27 09:35:20,2020-08-27 13:36:36
49895,86400,17,159,2020-08-28 10:47:18,2020-08-28 10:47:19
49885,86400,17,299,2020-08-27 08:55:33,2020-08-27 09:52:25
49835,13588,107,149,2020-08-27 08:10:29,2020-08-27 09:35:19
49935,86400,17,319,2020-08-27 10:10:10,2020-08-27 10:36:54
49915,86400,17,159,2020-08-28 10:48:53,2020-08-28 10:48:54
48815,17071,57,59,2020-08-26 12:14:53,2020-08-27 12:45:36
48845,13582,57,39,2020-08-26 16:05:05,2020-08-27 14:39:17
49785,16620,107,139,2020-08-26 15:59:33,2020-08-27 15:14:20
49845,12206,107,149,2020-08-27 14:15:44,2020-08-27 15:34:35
49805,20272,107,299,2020-08-27 14:41:00,2020-08-27 15:58:52
49825,16879,107,139,2020-08-27 15:14:21,2020-08-27 16:08:11
49865,16310,107,299,2020-08-27 15:59:36,2020-08-28 09:17:54
49855,11816,107,149,2020-08-27 15:34:36,2020-08-28 09:07:03
49905,86400,17,159,2020-08-28 10:44:02,2020-08-28 10:44:03
48765,7529,37,119,2020-08-28 09:54:00,2020-08-28 11:13:19
